{"cameraMode":{"drawMode":0,"name":"Shaded","section":"Shading Mode"},"sceneLighting":false,"audioPlay":false,"sceneViewState":{"showFog":true,"showMaterialUpdate":false,"showSkybox":false,"showFlares":true,"showImageEffects":true,"showParticleSystems":true},"in2DMode":false,"pivot":{"x":2.279466152191162,"y":-14.526546478271485,"z":27.75193214416504},"rotation":{"x":0.1922130435705185,"y":-0.028554918244481088,"z":0.005595375783741474,"w":0.9809209704399109},"size":62.17635726928711,"orthographic":false}